,H-Statistic,p-value
Channel-AOV-Test,20.391918724035634,0.04024677393685821
