{
  "2": 0.4238166027420625,
  "3": 0.4048276768420758,
  "4": 0.33206002563196035,
  "5": 0.33510763795758425,
  "6": 0.3205219707689379,
  "7": 0.30218230261452106
}