,sum_sq,df,F,PR(>F)
C(channel),82032.7995970157,11.0,0.9280916081691637,0.5120642780489051
Residual,11763730.840295654,1464.0,,
